{
  "token0": "0x833589fcd6edb6e08f4c7c32d4f71b54bda02913",
  "token1": "0xcbb7c0000ab88b473b1f5afd9ef808440eed33bf",
  "symbol0": "USDC",
  "symbol1": "cbBTC",
  "fee": 500,
  "liquidity": 48380790,
  "tick_lower": -70660,
  "tick_upper": -65960,
  "current_tick": -65520,
  "in_range": false,
  "amount0": 0.0,
  "amount1": 0.0037450639080712613,
  "price_cbbtc": 70041.45834790602,
  "value_usd": 262.3097377274194,
  "fees_usd": 0.0,
  "unclaimed_0": 0,
  "unclaimed_1": 0,
  "price_lower": 117103.90651575601,
  "price_upper": 73191.92707253304,
  "price_current": 70041.45834790602
}